{
  "swagger" : "2.0",
  "info" : {
    "version" : "1.0",
    "title" : "Summary about the new REST service.",
    "description" : "Summary about the new REST service."
  },
  "host" : "localhost:9080",
  "basePath" : "/",
  "schemes" : [ "http" ],
  "paths" : {
    "/jsonnumeric" : {
      "get" : {
        "description" : "",
        "operationId" : "get-jsonnumeric",
        "consumes" : [ "application/json" ],
        "produces" : [ "application/json" ],
        "parameters" : [ ],
        "responses" : {
          "200" : {
            "description" : "a jsonElement to be returned",
            "schema" : {
              "$ref" : "#/definitions/jsonElement"
            }
          }
        }
      }
    }
  },
  "definitions" : {
    "jsonElement" : {
      "type" : "object",
      "properties" : {
        "ID" : {
          "type" : "string"
        },
        "NAME" : {
          "type" : "string"
        },
        "COMPANY" : {
          "type" : "string"
        },
        "LOCATION" : {
          "type" : "string"
        },
        "RATING" : {
          "type" : "integer"
        },
        "DEPTID" : {
          "type" : "string"
        }
      }
    }
  }
}